step	loss
0	0.1190408393740654
1	0.0491800382733345
2	0.029297690838575363
3	0.02586304023861885
4	0.022249257192015648
5	0.01951834186911583
6	0.019027812406420708
7	0.018673395738005638
8	0.018541855737566948
