{
    "train": {
        "loss": 0.02755611762404442
    },
    "eval": {
        "loss": 0.018541855737566948
    },
    "dice_multi": 0.9085978559063357,
    "step": 8,
    "evaluate/dice_multi": 0.8754109517917377
}
